source,target,relation,source_name,target_name,description
ai_infrastructure_industry,ai_industry,is_a,人工智能基础设施,人工智能,
ai_terminal_industry,ai_industry,is_a,人工智能终端,人工智能,
ai_application_industry,ai_industry,is_a,人工智能应用,人工智能,
ai_infrastructure_industry,ai_terminal_industry,supply_to,人工智能基础设施,人工智能终端,基础设施和大模型支撑AI终端落地。
ai_terminal_industry,ai_application_industry,supply_to,人工智能终端,人工智能应用,智能终端承载并扩散AI应用。
semiconductor_chip_industry,ai_infrastructure_industry,is_a,半导体与芯片,人工智能基础设施,
ai_server_industry,ai_infrastructure_industry,is_a,AI服务器,人工智能基础设施,
cloud_service_industry,ai_infrastructure_industry,is_a,云计算服务,人工智能基础设施,
large_model_industry,ai_infrastructure_industry,is_a,大模型,人工智能基础设施,
semiconductor_chip_industry,ai_server_industry,supply_to,半导体与芯片,AI服务器,芯片、存储、PCB等供给AI服务器。
ai_server_industry,aidc_industry,supply_to,AI服务器,智算中心,AI服务器是智算中心提供AI计算能力的核心硬件。
aidc_industry,cloud_service_industry,supply_to,智算中心,云计算服务,智算中心承载云计算和AI云服务。
cloud_service_industry,large_model_industry,supply_to,云计算服务,大模型,云服务和算力支撑大模型训练与推理。
chip_design_industry,semiconductor_chip_industry,is_a,芯片设计,半导体与芯片,
wafer_foundry_industry,semiconductor_chip_industry,is_a,晶圆代工,半导体与芯片,
semiconductor_equipment_industry,semiconductor_chip_industry,is_a,半导体设备,半导体与芯片,
semiconductor_material_industry,semiconductor_chip_industry,is_a,半导体材料,半导体与芯片,
packaging_testing_industry,semiconductor_chip_industry,is_a,封装测试,半导体与芯片,
compute_chip_industry,chip_design_industry,is_a,算力芯片,芯片设计,
storage_chip_industry,chip_design_industry,is_a,存储芯片,芯片设计,
storage_controller_chip_industry,chip_design_industry,is_a,存储主控芯片,芯片设计,
memory_interface_chip_industry,chip_design_industry,is_a,内存接口及互连芯片,芯片设计,
eda_industry,chip_design_industry,is_a,EDA,芯片设计,
cpu_chip_industry,compute_chip_industry,is_a,CPU芯片,算力芯片,
gpu_chip_industry,compute_chip_industry,is_a,GPU/GPGPU芯片,算力芯片,
fpga_chip_industry,compute_chip_industry,is_a,FPGA芯片,算力芯片,
asic_chip_industry,compute_chip_industry,is_a,ASIC芯片,算力芯片,
riscv_chip_industry,compute_chip_industry,is_a,RISC-V芯片,算力芯片,
advanced_logic_process_industry,wafer_foundry_industry,is_a,先进逻辑工艺,晶圆代工,
special_process_industry,wafer_foundry_industry,is_a,特色工艺,晶圆代工,
coater_developer_equipment_industry,semiconductor_equipment_industry,is_a,涂胶显影设备,半导体设备,
semiconductor_parts_industry,semiconductor_equipment_industry,is_a,半导体设备零部件,半导体设备,
heat_treatment_equipment_industry,semiconductor_equipment_industry,is_a,热处理设备,半导体设备,
semiconductor_vacuum_pump_industry,semiconductor_equipment_industry,is_a,半导体真空泵,半导体设备,
photoresist_stripping_equipment_industry,semiconductor_equipment_industry,is_a,去胶设备,半导体设备,
silicon_wafer_material_industry,semiconductor_material_industry,is_a,硅片,半导体材料,
electronic_special_gas_industry,semiconductor_material_industry,is_a,电子特气,半导体材料,
precursor_material_industry,semiconductor_material_industry,is_a,前驱体材料,半导体材料,
photoresist_material_industry,semiconductor_material_industry,is_a,光刻胶,半导体材料,
wet_electronic_chemical_industry,semiconductor_material_industry,is_a,湿电子化学品,半导体材料,
etch_silicon_material_industry,semiconductor_material_industry,is_a,刻蚀设备用硅材料,半导体材料,
semiconductor_target_material_industry,semiconductor_material_industry,is_a,半导体靶材,半导体材料,
cmp_slurry_industry,semiconductor_material_industry,is_a,CMP抛光液,半导体材料,
advanced_packaging_industry,packaging_testing_industry,is_a,先进封装,封装测试,
storage_module_industry,packaging_testing_industry,is_a,存储模组,封装测试,
packaging_material_industry,packaging_testing_industry,is_a,封装材料,封装测试,
advanced_packaging_coater_developer_industry,advanced_packaging_equipment_industry,is_a,先进封装用涂胶显影设备,先进封装设备,
inspection_metrology_equipment_industry,advanced_packaging_equipment_industry,is_a,检测量测设备,先进封装设备,
hybrid_bonding_equipment_industry,advanced_packaging_equipment_industry,is_a,混合键合设备,先进封装设备,
wafer_dicing_equipment_industry,advanced_packaging_equipment_industry,is_a,划切设备,先进封装设备,
electroplating_solution_additive_industry,packaging_material_industry,is_a,电镀液及添加剂,封装材料,
packaging_substrate_industry,packaging_material_industry,is_a,封装基板,封装材料,
eda_industry,wafer_foundry_industry,supply_to,EDA,晶圆代工,
semiconductor_equipment_industry,wafer_foundry_industry,supply_to,半导体设备,晶圆代工,
semiconductor_material_industry,wafer_foundry_industry,supply_to,半导体材料,晶圆代工,
chip_design_industry,wafer_foundry_industry,supply_to,芯片设计,晶圆代工,
wafer_foundry_industry,packaging_testing_industry,supply_to,晶圆代工,封装测试,
advanced_packaging_equipment_industry,advanced_packaging_industry,supply_to,先进封装设备,先进封装,
packaging_material_industry,advanced_packaging_industry,supply_to,封装材料,先进封装,
compute_chip_industry,ai_server_industry,supply_to,算力芯片,AI服务器,
storage_chip_industry,ai_server_industry,supply_to,存储芯片,AI服务器,
storage_controller_chip_industry,ai_server_industry,supply_to,存储主控芯片,AI服务器,
memory_interface_chip_industry,ai_server_industry,supply_to,内存接口及互连芯片,AI服务器,
storage_module_industry,ai_server_industry,supply_to,存储模组,AI服务器,
optical_network_industry,ai_server_industry,is_a,光网络,AI服务器,
optical_device_industry,ai_server_industry,is_a,光器件,AI服务器,
optical_module_industry,ai_server_industry,is_a,光模块,AI服务器,
signal_transmission_industry,ai_server_industry,is_a,信号传输,AI服务器,
communication_equipment_industry,ai_server_industry,is_a,通信设备,AI服务器,
power_supply_industry,ai_server_industry,is_a,电源,AI服务器,
pcb_industry,ai_server_industry,is_a,PCB,AI服务器,
server_storage_industry,ai_server_industry,is_a,服务器存储设备,AI服务器,
operating_system_industry,ai_server_industry,is_a,操作系统软件,AI服务器,
computing_infrastructure_industry,aidc_industry,is_a,算力基础设施服务,智算中心,
optical_network_industry,ai_server_industry,supply_to,光网络,AI服务器,
optical_device_industry,ai_server_industry,supply_to,光器件,AI服务器,
optical_module_industry,ai_server_industry,supply_to,光模块,AI服务器,
signal_transmission_industry,ai_server_industry,supply_to,信号传输,AI服务器,
communication_equipment_industry,ai_server_industry,supply_to,通信设备,AI服务器,
power_supply_industry,ai_server_industry,supply_to,电源,AI服务器,
liquid_cooling_industry,ai_server_industry,supply_to,液冷,AI服务器,
pcb_industry,ai_server_industry,supply_to,PCB,AI服务器,
server_storage_industry,ai_server_industry,supply_to,服务器存储设备,AI服务器,
operating_system_industry,ai_server_industry,supply_to,操作系统软件,AI服务器,
gpu_chip_industry,ai_server_industry,supply_to,GPU/GPGPU芯片,AI服务器,
cpu_chip_industry,ai_server_industry,supply_to,CPU芯片,AI服务器,
fpga_chip_industry,ai_server_industry,supply_to,FPGA芯片,AI服务器,
asic_chip_industry,ai_server_industry,supply_to,ASIC芯片,AI服务器,
ai_server_industry,computing_infrastructure_industry,supply_to,AI服务器,算力基础设施服务,
computing_infrastructure_industry,cloud_service_industry,supply_to,算力基础设施服务,云计算服务,
cloud_large_model_industry,large_model_industry,is_a,云侧大模型,大模型,
edge_large_model_industry,large_model_industry,is_a,端侧大模型,大模型,
data_training_industry,large_model_industry,is_a,数据标注与训练数据服务,大模型,
data_security_industry,large_model_industry,is_a,数据安全产品,大模型,
data_storage_industry,large_model_industry,is_a,数据存储服务,大模型,
language_large_model_industry,cloud_large_model_industry,is_a,语言大模型,云侧大模型,
vision_large_model_industry,cloud_large_model_industry,is_a,视觉大模型,云侧大模型,
multimodal_large_model_industry,cloud_large_model_industry,is_a,多模态大模型,云侧大模型,
general_large_model_industry,multimodal_large_model_industry,is_a,通用大模型,多模态大模型,
industry_large_model_industry,multimodal_large_model_industry,is_a,行业大模型,多模态大模型,
vertical_large_model_industry,multimodal_large_model_industry,is_a,垂直大模型,多模态大模型,
phone_large_model_industry,edge_large_model_industry,is_a,手机大模型,端侧大模型,
pc_large_model_industry,edge_large_model_industry,is_a,PC大模型,端侧大模型,
data_training_industry,cloud_large_model_industry,supply_to,数据标注与训练数据服务,云侧大模型,
data_security_industry,cloud_large_model_industry,supply_to,数据安全产品,云侧大模型,
data_storage_industry,cloud_large_model_industry,supply_to,数据存储服务,云侧大模型,
cloud_service_industry,cloud_large_model_industry,supply_to,云计算服务,云侧大模型,
cloud_large_model_industry,edge_large_model_industry,supply_to,云侧大模型,端侧大模型,云侧大模型能力沉淀并压缩适配到端侧。
ai_phone_industry,ai_terminal_industry,is_a,AI手机,人工智能终端,
aipc_industry,ai_terminal_industry,is_a,AIPC,人工智能终端,
intelligent_driving_industry,ai_terminal_industry,is_a,智能驾驶,人工智能终端,
humanoid_robot_industry,ai_terminal_industry,is_a,人形机器人,人工智能终端,
phone_memory_industry,ai_phone_industry,supply_to,手机存储器,AI手机,
phone_ai_chip_industry,ai_phone_industry,supply_to,手机AI芯片,AI手机,
npu_industry,ai_phone_industry,supply_to,NPU,AI手机,
phone_camera_industry,ai_phone_industry,supply_to,手机摄像,AI手机,
pcb_industry,ai_phone_industry,supply_to,PCB,AI手机,
phone_heat_dissipation_industry,ai_phone_industry,supply_to,手机散热,AI手机,
phone_large_model_industry,ai_phone_industry,supply_to,手机大模型,AI手机,
aipc_memory_industry,aipc_industry,supply_to,AIPC存储器,AIPC,
aipc_chip_industry,aipc_industry,supply_to,AIPC芯片,AIPC,
aipc_equipment_industry,aipc_industry,supply_to,AIPC整机设备,AIPC,
aipc_heat_dissipation_industry,aipc_industry,supply_to,AIPC散热,AIPC,
pc_large_model_industry,aipc_industry,supply_to,PC大模型,AIPC,
gnss_industry,intelligent_driving_industry,supply_to,GNSS,智能驾驶,
imu_industry,intelligent_driving_industry,supply_to,IMU,智能驾驶,
lidar_industry,intelligent_driving_industry,supply_to,激光雷达,智能驾驶,
millimeter_wave_radar_industry,intelligent_driving_industry,supply_to,毫米波雷达,智能驾驶,
vehicle_camera_industry,intelligent_driving_industry,supply_to,车载摄像头,智能驾驶,
hd_map_industry,intelligent_driving_industry,supply_to,高精度地图,智能驾驶,
vehicle_sensor_industry,intelligent_driving_industry,supply_to,车载传感器,智能驾驶,
vehicle_information_terminal_industry,intelligent_driving_industry,supply_to,车载信息终端设备,智能驾驶,
v2x_industry,intelligent_driving_industry,supply_to,V2X,智能驾驶,
tbox_industry,intelligent_driving_industry,supply_to,T-Box,智能驾驶,
vehicle_communication_module_industry,intelligent_driving_industry,supply_to,车载通信模组,智能驾驶,
vehicle_communication_chip_industry,intelligent_driving_industry,supply_to,车载通信芯片,智能驾驶,
industry_large_model_industry,intelligent_driving_industry,supply_to,行业大模型,智能驾驶,
operating_system_industry,intelligent_driving_industry,supply_to,操作系统软件,智能驾驶,
autonomous_driving_chip_industry,intelligent_driving_industry,supply_to,自动驾驶芯片,智能驾驶,
domain_controller_industry,intelligent_driving_industry,supply_to,域控制器,智能驾驶,
intelligent_chassis_industry,intelligent_driving_industry,supply_to,智能底盘,智能驾驶,
adas_software_industry,intelligent_driving_industry,supply_to,ADAS与自动驾驶软件,智能驾驶,
brake_by_wire_industry,intelligent_chassis_industry,is_a,线控制动,智能底盘,
air_suspension_industry,intelligent_chassis_industry,is_a,空气悬架,智能底盘,
steer_by_wire_industry,intelligent_chassis_industry,is_a,线控转向,智能底盘,
intelligent_driving_industry,autonomous_vehicle_manufacturing_industry,supply_to,智能驾驶,自动驾驶整车制造,
autonomous_vehicle_manufacturing_industry,ai_application_industry,supply_to,自动驾驶整车制造,人工智能应用,
robot_reducer_industry,humanoid_robot_industry,supply_to,机器人减速器,人形机器人,
robot_encoder_industry,humanoid_robot_industry,supply_to,机器人编码器,人形机器人,
robot_bearing_industry,humanoid_robot_industry,supply_to,机器人轴承,人形机器人,
servo_motor_industry,humanoid_robot_industry,supply_to,伺服电机,人形机器人,
robot_sensor_industry,humanoid_robot_industry,supply_to,机器人传感器,人形机器人,
machine_vision_industry,humanoid_robot_industry,supply_to,机器视觉,人形机器人,
robot_memory_industry,humanoid_robot_industry,supply_to,机器人存储器,人形机器人,
robot_ai_chip_industry,humanoid_robot_industry,supply_to,机器人AI芯片,人形机器人,
robot_operating_system_industry,humanoid_robot_industry,supply_to,机器人操作系统软件,人形机器人,
edge_large_model_industry,humanoid_robot_industry,supply_to,端侧大模型,人形机器人,
medical_ai_industry,ai_application_industry,is_a,医疗AI,人工智能应用,
financial_ai_industry,ai_application_industry,is_a,金融AI,人工智能应用,
entertainment_ai_industry,ai_application_industry,is_a,文娱AI,人工智能应用,
education_ai_industry,ai_application_industry,is_a,教育AI,人工智能应用,
enterprise_service_ai_industry,ai_application_industry,is_a,企业服务AI软件,人工智能应用,
advanced_manufacturing_ai_industry,ai_application_industry,is_a,先进制造AI,人工智能应用,
electronics_ai_industry,ai_application_industry,is_a,电子AI,人工智能应用,
high_tech_ai_industry,ai_application_industry,is_a,高科技AI,人工智能应用,
chemical_ai_industry,ai_application_industry,is_a,化工AI,人工智能应用,
basic_materials_ai_industry,ai_application_industry,is_a,基础材料AI,人工智能应用,
construction_ai_industry,ai_application_industry,is_a,建筑AI,人工智能应用,
product_rd_ai_industry,ai_application_industry,is_a,AI产品研发,人工智能应用,
software_engineering_ai_industry,ai_application_industry,is_a,AI软件工程,人工智能应用,
supply_chain_ai_industry,ai_application_industry,is_a,AI供应链管理软件,人工智能应用,
talent_organization_ai_industry,ai_application_industry,is_a,AI人力资源软件,人工智能应用,
marketing_sales_ai_industry,ai_application_industry,is_a,AI营销与销售,人工智能应用,
risk_management_ai_industry,ai_application_industry,is_a,AI风险管理软件,人工智能应用,
intelligent_decision_ai_industry,ai_application_industry,is_a,AI决策智能软件,人工智能应用,
language_large_model_industry,ai_application_industry,supply_to,语言大模型,人工智能应用,
vision_large_model_industry,ai_application_industry,supply_to,视觉大模型,人工智能应用,
general_large_model_industry,ai_application_industry,supply_to,通用大模型,人工智能应用,
industry_large_model_industry,ai_application_industry,supply_to,行业大模型,人工智能应用,
vertical_large_model_industry,ai_application_industry,supply_to,垂直大模型,人工智能应用,
ai_phone_industry,ai_application_industry,supply_to,AI手机,人工智能应用,
aipc_industry,ai_application_industry,supply_to,AIPC,人工智能应用,
intelligent_driving_industry,ai_application_industry,supply_to,智能驾驶,人工智能应用,
humanoid_robot_industry,ai_application_industry,supply_to,人形机器人,人工智能应用,
large_model_industry,medical_ai_industry,supply_to,大模型,医疗AI,大模型能力赋能行业应用。
large_model_industry,financial_ai_industry,supply_to,大模型,金融AI,大模型能力赋能行业应用。
large_model_industry,entertainment_ai_industry,supply_to,大模型,文娱AI,大模型能力赋能行业应用。
large_model_industry,education_ai_industry,supply_to,大模型,教育AI,大模型能力赋能行业应用。
large_model_industry,enterprise_service_ai_industry,supply_to,大模型,企业服务AI软件,大模型能力赋能行业应用。
large_model_industry,advanced_manufacturing_ai_industry,supply_to,大模型,先进制造AI,大模型能力赋能行业应用。
large_model_industry,electronics_ai_industry,supply_to,大模型,电子AI,大模型能力赋能行业应用。
large_model_industry,high_tech_ai_industry,supply_to,大模型,高科技AI,大模型能力赋能行业应用。
large_model_industry,chemical_ai_industry,supply_to,大模型,化工AI,大模型能力赋能行业应用。
large_model_industry,basic_materials_ai_industry,supply_to,大模型,基础材料AI,大模型能力赋能行业应用。
large_model_industry,construction_ai_industry,supply_to,大模型,建筑AI,大模型能力赋能行业应用。
large_model_industry,product_rd_ai_industry,supply_to,大模型,AI产品研发,大模型能力赋能行业应用。
large_model_industry,software_engineering_ai_industry,supply_to,大模型,AI软件工程,大模型能力赋能行业应用。
large_model_industry,supply_chain_ai_industry,supply_to,大模型,AI供应链管理软件,大模型能力赋能行业应用。
large_model_industry,talent_organization_ai_industry,supply_to,大模型,AI人力资源软件,大模型能力赋能行业应用。
large_model_industry,marketing_sales_ai_industry,supply_to,大模型,AI营销与销售,大模型能力赋能行业应用。
large_model_industry,risk_management_ai_industry,supply_to,大模型,AI风险管理软件,大模型能力赋能行业应用。
large_model_industry,intelligent_decision_ai_industry,supply_to,大模型,AI决策智能软件,大模型能力赋能行业应用。
industry_large_model_industry,advanced_manufacturing_ai_industry,supply_to,行业大模型,先进制造AI,
industry_large_model_industry,electronics_ai_industry,supply_to,行业大模型,电子AI,
industry_large_model_industry,high_tech_ai_industry,supply_to,行业大模型,高科技AI,
industry_large_model_industry,product_rd_ai_industry,supply_to,行业大模型,AI产品研发,
industry_large_model_industry,software_engineering_ai_industry,supply_to,行业大模型,AI软件工程,
industry_large_model_industry,intelligent_decision_ai_industry,supply_to,行业大模型,AI决策智能软件,
vertical_large_model_industry,medical_ai_industry,supply_to,垂直大模型,医疗AI,
vertical_large_model_industry,financial_ai_industry,supply_to,垂直大模型,金融AI,
vertical_large_model_industry,education_ai_industry,supply_to,垂直大模型,教育AI,
vertical_large_model_industry,enterprise_service_ai_industry,supply_to,垂直大模型,企业服务AI软件,
cvd_equipment_industry,thin_film_deposition_equipment_industry,is_a,CVD设备,薄膜沉积设备,
pvd_equipment_industry,thin_film_deposition_equipment_industry,is_a,PVD设备,薄膜沉积设备,
semiconductor_chemical_industry,semiconductor_material_industry,is_a,半导体化学品,半导体材料,
photo_mask_industry,semiconductor_material_industry,is_a,掩膜版,半导体材料,
lithography_equipment_industry,wafer_foundry_industry,supply_to,光刻机,晶圆代工,设备与材料供给晶圆制造/代工环节。
etch_equipment_industry,wafer_foundry_industry,supply_to,刻蚀设备,晶圆代工,设备与材料供给晶圆制造/代工环节。
cvd_equipment_industry,wafer_foundry_industry,supply_to,CVD设备,晶圆代工,设备与材料供给晶圆制造/代工环节。
pvd_equipment_industry,wafer_foundry_industry,supply_to,PVD设备,晶圆代工,设备与材料供给晶圆制造/代工环节。
semiconductor_inspection_equipment_industry,wafer_foundry_industry,supply_to,半导体检测设备,晶圆代工,设备与材料供给晶圆制造/代工环节。
semiconductor_metrology_equipment_industry,wafer_foundry_industry,supply_to,半导体量测设备,晶圆代工,设备与材料供给晶圆制造/代工环节。
silicon_wafer_material_industry,wafer_foundry_industry,supply_to,硅片,晶圆代工,设备与材料供给晶圆制造/代工环节。
semiconductor_chemical_industry,wafer_foundry_industry,supply_to,半导体化学品,晶圆代工,设备与材料供给晶圆制造/代工环节。
photo_mask_industry,wafer_foundry_industry,supply_to,掩膜版,晶圆代工,设备与材料供给晶圆制造/代工环节。
ai_accelerator_chip_industry,compute_chip_industry,is_a,AI加速芯片,算力芯片,
self_developed_asic_industry,asic_chip_industry,is_a,自研ASIC芯片,ASIC芯片,
edge_ai_chip_industry,ai_accelerator_chip_industry,is_a,边缘AI芯片,AI加速芯片,
ai_chip_startup_design_industry,chip_design_industry,is_a,AI芯片初创设计,芯片设计,
training_chip_industry,ai_accelerator_chip_industry,is_a,AI训练芯片,AI加速芯片,
inference_chip_industry,ai_accelerator_chip_industry,is_a,AI推理芯片,AI加速芯片,
npu_industry,ai_accelerator_chip_industry,is_a,NPU,AI加速芯片,
ai_accelerator_chip_industry,ai_server_industry,supply_to,AI加速芯片,AI服务器,AI芯片供给AI服务器和加速系统。
self_developed_asic_industry,ai_server_industry,supply_to,自研ASIC芯片,AI服务器,AI芯片供给AI服务器和加速系统。
training_chip_industry,ai_server_industry,supply_to,AI训练芯片,AI服务器,AI芯片供给AI服务器和加速系统。
inference_chip_industry,ai_server_industry,supply_to,AI推理芯片,AI服务器,AI芯片供给AI服务器和加速系统。
edge_ai_chip_industry,ai_server_industry,supply_to,边缘AI芯片,AI服务器,AI芯片供给AI服务器和加速系统。
edge_ai_chip_industry,ai_terminal_industry,supply_to,边缘AI芯片,人工智能终端,端侧/边缘侧芯片供给AI终端。
inference_chip_industry,ai_terminal_industry,supply_to,AI推理芯片,人工智能终端,端侧/边缘侧芯片供给AI终端。
npu_industry,ai_terminal_industry,supply_to,NPU,人工智能终端,端侧/边缘侧芯片供给AI终端。
advanced_process_foundry_industry,wafer_foundry_industry,is_a,先进制程代工,晶圆代工,
mature_process_foundry_industry,wafer_foundry_industry,is_a,成熟制程代工,晶圆代工,
cowos_packaging_industry,advanced_packaging_industry,is_a,CoWoS封装,先进封装,
hbm_packaging_industry,advanced_packaging_industry,is_a,HBM封装,先进封装,
chiplet_packaging_industry,advanced_packaging_industry,is_a,Chiplet封装,先进封装,
two_point_five_d_packaging_industry,advanced_packaging_industry,is_a,2.5D/3D封装,先进封装,
advanced_process_foundry_industry,advanced_packaging_industry,supply_to,先进制程代工,先进封装,晶圆制造完成后进入封装测试环节。
mature_process_foundry_industry,advanced_packaging_industry,supply_to,成熟制程代工,先进封装,晶圆制造完成后进入封装测试环节。
cowos_packaging_industry,ai_accelerator_chip_industry,supply_to,CoWoS封装,AI加速芯片,先进封装提升AI加速芯片的带宽、互连和系统性能。
hbm_packaging_industry,ai_accelerator_chip_industry,supply_to,HBM封装,AI加速芯片,先进封装提升AI加速芯片的带宽、互连和系统性能。
chiplet_packaging_industry,ai_accelerator_chip_industry,supply_to,Chiplet封装,AI加速芯片,先进封装提升AI加速芯片的带宽、互连和系统性能。
two_point_five_d_packaging_industry,ai_accelerator_chip_industry,supply_to,2.5D/3D封装,AI加速芯片,先进封装提升AI加速芯片的带宽、互连和系统性能。
hbm_industry,storage_chip_industry,is_a,HBM高带宽存储,存储芯片,
dram_industry,storage_chip_industry,is_a,DRAM,存储芯片,
nand_industry,storage_chip_industry,is_a,NAND闪存,存储芯片,
ssd_industry,server_storage_industry,is_a,SSD,服务器存储设备,
hbm_industry,hbm_packaging_industry,supply_to,HBM高带宽存储,HBM封装,HBM需要与AI加速芯片进行高密度先进封装。
hbm_industry,ai_server_industry,supply_to,HBM高带宽存储,AI服务器,存储供给AI服务器和数据中心系统。
dram_industry,ai_server_industry,supply_to,DRAM,AI服务器,存储供给AI服务器和数据中心系统。
nand_industry,ai_server_industry,supply_to,NAND闪存,AI服务器,存储供给AI服务器和数据中心系统。
ssd_industry,ai_server_industry,supply_to,SSD,AI服务器,存储供给AI服务器和数据中心系统。
hbm_industry,ai_accelerator_chip_industry,supply_to,HBM高带宽存储,AI加速芯片,HBM为AI加速芯片提供高带宽存储能力。
ai_server_oem_industry,ai_server_industry,is_a,AI服务器OEM,AI服务器,
ai_system_integration_industry,ai_server_industry,is_a,AI服务器系统集成,AI服务器,
ai_accelerated_system_industry,ai_system_integration_industry,is_a,AI加速服务器,AI服务器系统集成,
rack_scale_ai_system_industry,ai_system_integration_industry,is_a,机柜级AI服务器,AI服务器系统集成,
ai_networking_industry,communication_equipment_industry,is_a,AI网络设备,通信设备,
infiniband_network_industry,ai_networking_industry,is_a,InfiniBand网络设备,AI网络设备,
ethernet_ai_network_industry,ai_networking_industry,is_a,AI以太网设备,AI网络设备,
ultra_ethernet_industry,ethernet_ai_network_industry,is_a,超以太网设备,AI以太网设备,
ai_server_oem_industry,ai_system_integration_industry,supply_to,AI服务器OEM,AI服务器系统集成,服务器、芯片、存储、网络、电源和散热共同组成AI系统。
ai_networking_industry,ai_system_integration_industry,supply_to,AI网络设备,AI服务器系统集成,服务器、芯片、存储、网络、电源和散热共同组成AI系统。
liquid_cooling_industry,ai_system_integration_industry,supply_to,液冷,AI服务器系统集成,服务器、芯片、存储、网络、电源和散热共同组成AI系统。
power_supply_industry,ai_system_integration_industry,supply_to,电源,AI服务器系统集成,服务器、芯片、存储、网络、电源和散热共同组成AI系统。
hbm_industry,ai_system_integration_industry,supply_to,HBM高带宽存储,AI服务器系统集成,服务器、芯片、存储、网络、电源和散热共同组成AI系统。
ai_accelerator_chip_industry,ai_system_integration_industry,supply_to,AI加速芯片,AI服务器系统集成,服务器、芯片、存储、网络、电源和散热共同组成AI系统。
ai_system_integration_industry,computing_infrastructure_industry,supply_to,AI服务器系统集成,算力基础设施服务,系统集成交付后进入算力基础设施。
infiniband_network_industry,aidc_industry,supply_to,InfiniBand网络设备,智算中心,AI网络支撑智算中心集群互连。
ethernet_ai_network_industry,aidc_industry,supply_to,AI以太网设备,智算中心,AI网络支撑智算中心集群互连。
ultra_ethernet_industry,aidc_industry,supply_to,超以太网设备,智算中心,AI网络支撑智算中心集群互连。
optical_module_industry,aidc_industry,supply_to,光模块,智算中心,AI网络支撑智算中心集群互连。
signal_transmission_industry,aidc_industry,supply_to,信号传输,智算中心,AI网络支撑智算中心集群互连。
gpu_cloud_industry,cloud_service_industry,is_a,GPU云服务,云计算服务,
hyperscale_cloud_industry,cloud_service_industry,is_a,超大规模云服务,云计算服务,
ai_compute_cloud_industry,gpu_cloud_industry,is_a,AI算力云服务,GPU云服务,
inference_as_service_industry,cloud_service_industry,is_a,推理云服务,云计算服务,
model_serving_industry,inference_as_service_industry,is_a,模型托管服务,推理云服务,
aidc_industry,cloud_large_model_industry,supply_to,智算中心,云侧大模型,云上AI算力支撑大模型训练与推理。
ai_system_integration_industry,cloud_large_model_industry,supply_to,AI服务器系统集成,云侧大模型,云上AI算力支撑大模型训练与推理。
gpu_cloud_industry,cloud_large_model_industry,supply_to,GPU云服务,云侧大模型,云上AI算力支撑大模型训练与推理。
ai_compute_cloud_industry,cloud_large_model_industry,supply_to,AI算力云服务,云侧大模型,云上AI算力支撑大模型训练与推理。
cloud_large_model_industry,inference_as_service_industry,supply_to,云侧大模型,推理云服务,大模型能力可通过推理服务向应用层输出。
inference_as_service_industry,ai_application_industry,supply_to,推理云服务,人工智能应用,推理服务支撑各类AI应用落地。
data_center_industry,ai_infrastructure_industry,is_a,数据中心,人工智能基础设施,
data_center_operator_industry,data_center_industry,is_a,数据中心托管服务,数据中心,
data_center_energy_industry,data_center_industry,is_a,数据中心供配电设备,数据中心,
nuclear_power_for_data_center_industry,data_center_energy_industry,is_a,核电,数据中心供配电设备,
natural_gas_power_for_data_center_industry,data_center_energy_industry,is_a,天然气发电,数据中心供配电设备,
renewable_power_for_data_center_industry,data_center_energy_industry,is_a,可再生能源发电,数据中心供配电设备,
hydropower_data_center_industry,renewable_power_for_data_center_industry,is_a,水电,可再生能源发电,
wind_solar_data_center_industry,renewable_power_for_data_center_industry,is_a,风电与光伏,可再生能源发电,
data_center_site_selection_industry,data_center_industry,is_a,数据中心建设服务,数据中心,
data_center_cooling_industry,data_center_industry,is_a,数据中心温控设备,数据中心,
liquid_cooling_industry,data_center_cooling_industry,is_a,液冷,数据中心温控设备,
immersion_cooling_industry,liquid_cooling_industry,is_a,浸没式液冷设备,液冷,
cold_plate_liquid_cooling_industry,liquid_cooling_industry,is_a,冷板式液冷设备,液冷,
data_center_energy_industry,aidc_industry,supply_to,数据中心供配电设备,智算中心,能源、冷却、运营和系统集成共同支撑智算中心。
data_center_cooling_industry,aidc_industry,supply_to,数据中心温控设备,智算中心,能源、冷却、运营和系统集成共同支撑智算中心。
data_center_operator_industry,aidc_industry,supply_to,数据中心托管服务,智算中心,能源、冷却、运营和系统集成共同支撑智算中心。
data_center_site_selection_industry,aidc_industry,supply_to,数据中心建设服务,智算中心,能源、冷却、运营和系统集成共同支撑智算中心。
ai_system_integration_industry,aidc_industry,supply_to,AI服务器系统集成,智算中心,能源、冷却、运营和系统集成共同支撑智算中心。
aidc_industry,data_center_industry,is_a,智算中心,数据中心,智算中心属于面向AI算力的数据中心形态。
data_center_industry,cloud_service_industry,supply_to,数据中心,云计算服务,数据中心承载云计算与AI算力服务。
ic_manufacturing_equipment_industry,semiconductor_equipment_industry,is_a,IC制造设备,半导体设备,
packaging_testing_equipment_industry,semiconductor_equipment_industry,is_a,封测设备,半导体设备,
semiconductor_cleanroom_industry,semiconductor_equipment_industry,is_a,半导体洁净室,半导体设备,
single_crystal_furnace_industry,ic_manufacturing_equipment_industry,is_a,单晶炉,IC制造设备,来自Excel层级：IC制造 / 单晶炉。
single_crystal_furnace_industry,wafer_foundry_industry,supply_to,单晶炉,晶圆代工,单晶炉供给wafer_foundry_industry相关制造/封测环节。
lithography_equipment_industry,ic_manufacturing_equipment_industry,is_a,光刻机,IC制造设备,来自Excel层级：IC制造 / 光刻设备。
etch_equipment_industry,ic_manufacturing_equipment_industry,is_a,刻蚀设备,IC制造设备,来自Excel层级：IC制造 / 刻蚀设备。
ion_implantation_equipment_industry,ic_manufacturing_equipment_industry,is_a,离子注入设备,IC制造设备,来自Excel层级：IC制造 / 离子注入。
ion_implantation_equipment_industry,wafer_foundry_industry,supply_to,离子注入设备,晶圆代工,离子注入设备供给wafer_foundry_industry相关制造/封测环节。
thin_film_deposition_equipment_industry,ic_manufacturing_equipment_industry,is_a,薄膜沉积设备,IC制造设备,来自Excel层级：IC制造 / 薄膜沉积。
thin_film_deposition_equipment_industry,wafer_foundry_industry,supply_to,薄膜沉积设备,晶圆代工,薄膜沉积设备供给wafer_foundry_industry相关制造/封测环节。
polishing_equipment_industry,ic_manufacturing_equipment_industry,is_a,抛光设备,IC制造设备,来自Excel层级：IC制造 / 抛光设备。
polishing_equipment_industry,wafer_foundry_industry,supply_to,抛光设备,晶圆代工,抛光设备供给wafer_foundry_industry相关制造/封测环节。
cleaning_equipment_industry,ic_manufacturing_equipment_industry,is_a,清洗设备,IC制造设备,来自Excel层级：IC制造 / 清洗设备。
cleaning_equipment_industry,wafer_foundry_industry,supply_to,清洗设备,晶圆代工,清洗设备供给wafer_foundry_industry相关制造/封测环节。
packaging_equipment_industry,packaging_testing_equipment_industry,is_a,封装设备,封测设备,来自Excel层级：封测设备 / 封装设备。
packaging_equipment_industry,packaging_testing_industry,supply_to,封装设备,封装测试,封装设备供给packaging_testing_industry相关制造/封测环节。
testing_equipment_industry,packaging_testing_equipment_industry,is_a,测试设备,封测设备,来自Excel层级：封测设备 / 测试设备。
testing_equipment_industry,packaging_testing_industry,supply_to,测试设备,封装测试,测试设备供给packaging_testing_industry相关制造/封测环节。
dicing_machine_industry,packaging_testing_equipment_industry,is_a,划片机,封测设备,来自Excel层级：其它设备 / 划片机。
dicing_machine_industry,packaging_testing_industry,supply_to,划片机,封装测试,划片机供给packaging_testing_industry相关制造/封测环节。
sorting_machine_industry,packaging_testing_equipment_industry,is_a,分选机,封测设备,来自Excel层级：其它设备 / 分选机。
sorting_machine_industry,packaging_testing_industry,supply_to,分选机,封装测试,分选机供给packaging_testing_industry相关制造/封测环节。
measurement_equipment_industry,semiconductor_equipment_industry,is_a,测量设备,半导体设备,来自Excel层级：其它设备 / 测量设备。
measurement_equipment_industry,wafer_foundry_industry,supply_to,测量设备,晶圆代工,测量设备供给wafer_foundry_industry相关制造/封测环节。
semiconductor_temperature_control_equipment_industry,semiconductor_equipment_industry,is_a,半导体温控设备,半导体设备,来自Excel层级：其它设备 / 温控设备。
semiconductor_temperature_control_equipment_industry,wafer_foundry_industry,supply_to,半导体温控设备,晶圆代工,半导体温控设备供给wafer_foundry_industry相关制造/封测环节。
cleanroom_service_industry,semiconductor_cleanroom_industry,is_a,洁净室服务,半导体洁净室,来自Excel层级：洁净室 / 其他。
cleanroom_service_industry,wafer_foundry_industry,supply_to,洁净室服务,晶圆代工,洁净室服务供给wafer_foundry_industry相关制造/封测环节。
cleanroom_equipment_industry,semiconductor_cleanroom_industry,is_a,洁净室设备,半导体洁净室,来自Excel层级：洁净室 / 设备。
cleanroom_equipment_industry,wafer_foundry_industry,supply_to,洁净室设备,晶圆代工,洁净室设备供给wafer_foundry_industry相关制造/封测环节。
cleanroom_engineering_industry,semiconductor_cleanroom_industry,is_a,洁净室工程,半导体洁净室,来自Excel层级：洁净室 / 项目工程。
cleanroom_engineering_industry,wafer_foundry_industry,supply_to,洁净室工程,晶圆代工,洁净室工程供给wafer_foundry_industry相关制造/封测环节。
cmp_equipment_industry,polishing_equipment_industry,is_a,CMP设备,抛光设备,对齐Excel半导体设备产业链层级。
wafer_thinning_equipment_industry,polishing_equipment_industry,is_a,晶圆减薄设备,抛光设备,对齐Excel半导体设备产业链层级。
single_wafer_wet_equipment_industry,cleaning_equipment_industry,is_a,单片式湿法设备,清洗设备,对齐Excel半导体设备产业链层级。
semiconductor_metrology_equipment_industry,measurement_equipment_industry,is_a,半导体量测设备,测量设备,对齐Excel半导体设备产业链层级。
semiconductor_inspection_equipment_industry,measurement_equipment_industry,is_a,半导体检测设备,测量设备,对齐Excel半导体设备产业链层级。
advanced_packaging_equipment_industry,packaging_equipment_industry,is_a,先进封装设备,封装设备,对齐Excel半导体设备产业链层级。
ic_testing_service_industry,testing_equipment_industry,is_a,集成电路测试服务,测试设备,对齐Excel半导体设备产业链层级。
semiconductor_cleanroom_industry,packaging_testing_industry,supply_to,半导体洁净室,封装测试,洁净室相关产业也供给封测产线。
cleanroom_equipment_industry,packaging_testing_industry,supply_to,洁净室设备,封装测试,洁净室相关产业也供给封测产线。
cleanroom_engineering_industry,packaging_testing_industry,supply_to,洁净室工程,封装测试,洁净室相关产业也供给封测产线。
cleanroom_service_industry,packaging_testing_industry,supply_to,洁净室服务,封装测试,洁净室相关产业也供给封测产线。
intelligent_driving_perception_positioning_industry,intelligent_driving_industry,is_a,智能驾驶感知与定位设备,智能驾驶,补充AI终端产业链环节归类。
intelligent_driving_communication_industry,intelligent_driving_industry,is_a,智能驾驶通信设备,智能驾驶,补充AI终端产业链环节归类。
intelligent_driving_compute_control_industry,intelligent_driving_industry,is_a,智能驾驶计算控制设备,智能驾驶,补充AI终端产业链环节归类。
intelligent_driving_actuation_industry,intelligent_driving_industry,is_a,智能驾驶执行系统,智能驾驶,补充AI终端产业链环节归类。
intelligent_driving_software_industry,intelligent_driving_industry,is_a,智能驾驶软件,智能驾驶,补充AI终端产业链环节归类。
intelligent_vehicle_manufacturing_industry,intelligent_driving_industry,is_a,智能汽车整车制造,智能驾驶,补充AI终端产业链环节归类。
humanoid_robot_actuator_component_industry,humanoid_robot_industry,is_a,人形机器人执行部件,人形机器人,补充AI终端产业链环节归类。
humanoid_robot_perception_component_industry,humanoid_robot_industry,is_a,人形机器人感知设备,人形机器人,补充AI终端产业链环节归类。
humanoid_robot_chip_component_industry,humanoid_robot_industry,is_a,人形机器人芯片与存储,人形机器人,补充AI终端产业链环节归类。
humanoid_robot_software_industry,humanoid_robot_industry,is_a,人形机器人软件,人形机器人,补充AI终端产业链环节归类。
phone_memory_industry,ai_phone_industry,is_a,手机存储器,AI手机,补充孤立节点的ontology上级。
phone_ai_chip_industry,ai_phone_industry,is_a,手机AI芯片,AI手机,补充孤立节点的ontology上级。
phone_camera_industry,ai_phone_industry,is_a,手机摄像,AI手机,补充孤立节点的ontology上级。
phone_heat_dissipation_industry,ai_phone_industry,is_a,手机散热,AI手机,补充孤立节点的ontology上级。
aipc_memory_industry,aipc_industry,is_a,AIPC存储器,AIPC,补充孤立节点的ontology上级。
aipc_chip_industry,aipc_industry,is_a,AIPC芯片,AIPC,补充孤立节点的ontology上级。
aipc_equipment_industry,aipc_industry,is_a,AIPC整机设备,AIPC,补充孤立节点的ontology上级。
aipc_heat_dissipation_industry,aipc_industry,is_a,AIPC散热,AIPC,补充孤立节点的ontology上级。
gnss_industry,intelligent_driving_perception_positioning_industry,is_a,GNSS,智能驾驶感知与定位设备,补充孤立节点的ontology上级。
imu_industry,intelligent_driving_perception_positioning_industry,is_a,IMU,智能驾驶感知与定位设备,补充孤立节点的ontology上级。
lidar_industry,intelligent_driving_perception_positioning_industry,is_a,激光雷达,智能驾驶感知与定位设备,补充孤立节点的ontology上级。
millimeter_wave_radar_industry,intelligent_driving_perception_positioning_industry,is_a,毫米波雷达,智能驾驶感知与定位设备,补充孤立节点的ontology上级。
vehicle_camera_industry,intelligent_driving_perception_positioning_industry,is_a,车载摄像头,智能驾驶感知与定位设备,补充孤立节点的ontology上级。
hd_map_industry,intelligent_driving_perception_positioning_industry,is_a,高精度地图,智能驾驶感知与定位设备,补充孤立节点的ontology上级。
vehicle_sensor_industry,intelligent_driving_perception_positioning_industry,is_a,车载传感器,智能驾驶感知与定位设备,补充孤立节点的ontology上级。
vehicle_information_terminal_industry,intelligent_driving_perception_positioning_industry,is_a,车载信息终端设备,智能驾驶感知与定位设备,补充孤立节点的ontology上级。
v2x_industry,intelligent_driving_communication_industry,is_a,V2X,智能驾驶通信设备,补充孤立节点的ontology上级。
tbox_industry,intelligent_driving_communication_industry,is_a,T-Box,智能驾驶通信设备,补充孤立节点的ontology上级。
vehicle_communication_module_industry,intelligent_driving_communication_industry,is_a,车载通信模组,智能驾驶通信设备,补充孤立节点的ontology上级。
vehicle_communication_chip_industry,intelligent_driving_communication_industry,is_a,车载通信芯片,智能驾驶通信设备,补充孤立节点的ontology上级。
autonomous_driving_chip_industry,intelligent_driving_compute_control_industry,is_a,自动驾驶芯片,智能驾驶计算控制设备,补充孤立节点的ontology上级。
domain_controller_industry,intelligent_driving_compute_control_industry,is_a,域控制器,智能驾驶计算控制设备,补充孤立节点的ontology上级。
intelligent_chassis_industry,intelligent_driving_actuation_industry,is_a,智能底盘,智能驾驶执行系统,补充孤立节点的ontology上级。
adas_software_industry,intelligent_driving_software_industry,is_a,ADAS与自动驾驶软件,智能驾驶软件,补充孤立节点的ontology上级。
autonomous_vehicle_manufacturing_industry,intelligent_vehicle_manufacturing_industry,is_a,自动驾驶整车制造,智能汽车整车制造,补充孤立节点的ontology上级。
robot_reducer_industry,humanoid_robot_actuator_component_industry,is_a,机器人减速器,人形机器人执行部件,补充孤立节点的ontology上级。
robot_encoder_industry,humanoid_robot_actuator_component_industry,is_a,机器人编码器,人形机器人执行部件,补充孤立节点的ontology上级。
robot_bearing_industry,humanoid_robot_actuator_component_industry,is_a,机器人轴承,人形机器人执行部件,补充孤立节点的ontology上级。
servo_motor_industry,humanoid_robot_actuator_component_industry,is_a,伺服电机,人形机器人执行部件,补充孤立节点的ontology上级。
robot_sensor_industry,humanoid_robot_perception_component_industry,is_a,机器人传感器,人形机器人感知设备,补充孤立节点的ontology上级。
machine_vision_industry,humanoid_robot_perception_component_industry,is_a,机器视觉,人形机器人感知设备,补充孤立节点的ontology上级。
robot_memory_industry,humanoid_robot_chip_component_industry,is_a,机器人存储器,人形机器人芯片与存储,补充孤立节点的ontology上级。
robot_ai_chip_industry,humanoid_robot_chip_component_industry,is_a,机器人AI芯片,人形机器人芯片与存储,补充孤立节点的ontology上级。
robot_operating_system_industry,humanoid_robot_software_industry,is_a,机器人操作系统软件,人形机器人软件,补充孤立节点的ontology上级。
ai_glasses_industry,ai_terminal_industry,is_a,AI眼镜,人工智能终端,AI眼镜属于人工智能终端。
ai_glasses_component_industry,ai_glasses_industry,is_a,AI眼镜零部件,AI眼镜,AI眼镜产业链环节。
ai_glasses_optical_display_industry,ai_glasses_industry,is_a,AI眼镜光学显示,AI眼镜,AI眼镜产业链环节。
ai_glasses_compute_chip_industry,ai_glasses_industry,is_a,AI眼镜计算芯片,AI眼镜,AI眼镜产业链环节。
ai_glasses_perception_industry,ai_glasses_industry,is_a,AI眼镜感知模组,AI眼镜,AI眼镜产业链环节。
ai_glasses_interaction_industry,ai_glasses_industry,is_a,AI眼镜交互模组,AI眼镜,AI眼镜产业链环节。
ai_glasses_power_structure_industry,ai_glasses_industry,is_a,AI眼镜电池与结构件,AI眼镜,AI眼镜产业链环节。
ai_glasses_software_industry,ai_glasses_industry,is_a,AI眼镜软件,AI眼镜,AI眼镜产业链环节。
ar_optical_waveguide_industry,ai_glasses_optical_display_industry,is_a,AR光波导,AI眼镜光学显示,AI眼镜产业链细分节点。
birdbath_optics_industry,ai_glasses_optical_display_industry,is_a,Birdbath光学模组,AI眼镜光学显示,AI眼镜产业链细分节点。
micro_led_display_industry,ai_glasses_optical_display_industry,is_a,Micro LED显示,AI眼镜光学显示,AI眼镜产业链细分节点。
micro_oled_display_industry,ai_glasses_optical_display_industry,is_a,Micro OLED显示,AI眼镜光学显示,AI眼镜产业链细分节点。
lcos_display_industry,ai_glasses_optical_display_industry,is_a,LCoS显示,AI眼镜光学显示,AI眼镜产业链细分节点。
ar_optical_engine_industry,ai_glasses_optical_display_industry,is_a,AR光机,AI眼镜光学显示,AI眼镜产业链细分节点。
ai_glasses_soc_industry,ai_glasses_compute_chip_industry,is_a,AI眼镜SoC,AI眼镜计算芯片,AI眼镜产业链细分节点。
ai_glasses_npu_industry,ai_glasses_compute_chip_industry,is_a,AI眼镜NPU,AI眼镜计算芯片,AI眼镜产业链细分节点。
low_power_ai_chip_industry,ai_glasses_compute_chip_industry,is_a,低功耗AI芯片,AI眼镜计算芯片,AI眼镜产业链细分节点。
wireless_connectivity_chip_industry,ai_glasses_compute_chip_industry,is_a,无线连接芯片,AI眼镜计算芯片,AI眼镜产业链细分节点。
ai_glasses_memory_industry,ai_glasses_compute_chip_industry,is_a,AI眼镜存储器,AI眼镜计算芯片,AI眼镜产业链细分节点。
ai_glasses_camera_module_industry,ai_glasses_perception_industry,is_a,AI眼镜摄像头模组,AI眼镜感知模组,AI眼镜产业链细分节点。
eye_tracking_module_industry,ai_glasses_perception_industry,is_a,眼动追踪模组,AI眼镜感知模组,AI眼镜产业链细分节点。
slam_sensor_industry,ai_glasses_perception_industry,is_a,SLAM传感器,AI眼镜感知模组,AI眼镜产业链细分节点。
depth_sensor_industry,ai_glasses_perception_industry,is_a,深度传感器,AI眼镜感知模组,AI眼镜产业链细分节点。
imu_wearable_industry,ai_glasses_perception_industry,is_a,可穿戴IMU,AI眼镜感知模组,AI眼镜产业链细分节点。
ai_glasses_microphone_industry,ai_glasses_interaction_industry,is_a,AI眼镜麦克风,AI眼镜交互模组,AI眼镜产业链细分节点。
ai_glasses_speaker_industry,ai_glasses_interaction_industry,is_a,AI眼镜扬声器,AI眼镜交互模组,AI眼镜产业链细分节点。
bone_conduction_acoustic_industry,ai_glasses_interaction_industry,is_a,骨传导声学模组,AI眼镜交互模组,AI眼镜产业链细分节点。
gesture_interaction_module_industry,ai_glasses_interaction_industry,is_a,手势交互模组,AI眼镜交互模组,AI眼镜产业链细分节点。
wearable_battery_industry,ai_glasses_power_structure_industry,is_a,可穿戴电池,AI眼镜电池与结构件,AI眼镜产业链细分节点。
ai_glasses_heat_dissipation_industry,ai_glasses_power_structure_industry,is_a,AI眼镜散热,AI眼镜电池与结构件,AI眼镜产业链细分节点。
lightweight_structural_parts_industry,ai_glasses_power_structure_industry,is_a,轻量化结构件,AI眼镜电池与结构件,AI眼镜产业链细分节点。
ai_glasses_assembly_industry,ai_glasses_power_structure_industry,is_a,AI眼镜整机组装,AI眼镜电池与结构件,AI眼镜产业链细分节点。
ai_glasses_os_industry,ai_glasses_software_industry,is_a,AI眼镜操作系统软件,AI眼镜软件,AI眼镜产业链细分节点。
spatial_computing_software_industry,ai_glasses_software_industry,is_a,空间计算软件,AI眼镜软件,AI眼镜产业链细分节点。
multimodal_interaction_software_industry,ai_glasses_software_industry,is_a,多模态交互软件,AI眼镜软件,AI眼镜产业链细分节点。
ai_glasses_edge_model_industry,ai_glasses_software_industry,is_a,AI眼镜端侧大模型,AI眼镜软件,AI眼镜产业链细分节点。
ai_glasses_optical_display_industry,ai_glasses_industry,supply_to,AI眼镜光学显示,AI眼镜,AI眼镜产业链环节供给AI眼镜终端。
ai_glasses_compute_chip_industry,ai_glasses_industry,supply_to,AI眼镜计算芯片,AI眼镜,AI眼镜产业链环节供给AI眼镜终端。
ai_glasses_perception_industry,ai_glasses_industry,supply_to,AI眼镜感知模组,AI眼镜,AI眼镜产业链环节供给AI眼镜终端。
ai_glasses_interaction_industry,ai_glasses_industry,supply_to,AI眼镜交互模组,AI眼镜,AI眼镜产业链环节供给AI眼镜终端。
ai_glasses_power_structure_industry,ai_glasses_industry,supply_to,AI眼镜电池与结构件,AI眼镜,AI眼镜产业链环节供给AI眼镜终端。
ai_glasses_software_industry,ai_glasses_industry,supply_to,AI眼镜软件,AI眼镜,AI眼镜产业链环节供给AI眼镜终端。
ar_optical_waveguide_industry,ai_glasses_optical_display_industry,supply_to,AR光波导,AI眼镜光学显示,细分零部件/软件供给AI眼镜产业链环节。
birdbath_optics_industry,ai_glasses_optical_display_industry,supply_to,Birdbath光学模组,AI眼镜光学显示,细分零部件/软件供给AI眼镜产业链环节。
micro_led_display_industry,ai_glasses_optical_display_industry,supply_to,Micro LED显示,AI眼镜光学显示,细分零部件/软件供给AI眼镜产业链环节。
micro_oled_display_industry,ai_glasses_optical_display_industry,supply_to,Micro OLED显示,AI眼镜光学显示,细分零部件/软件供给AI眼镜产业链环节。
lcos_display_industry,ai_glasses_optical_display_industry,supply_to,LCoS显示,AI眼镜光学显示,细分零部件/软件供给AI眼镜产业链环节。
ar_optical_engine_industry,ai_glasses_optical_display_industry,supply_to,AR光机,AI眼镜光学显示,细分零部件/软件供给AI眼镜产业链环节。
ai_glasses_soc_industry,ai_glasses_compute_chip_industry,supply_to,AI眼镜SoC,AI眼镜计算芯片,细分零部件/软件供给AI眼镜产业链环节。
ai_glasses_npu_industry,ai_glasses_compute_chip_industry,supply_to,AI眼镜NPU,AI眼镜计算芯片,细分零部件/软件供给AI眼镜产业链环节。
low_power_ai_chip_industry,ai_glasses_compute_chip_industry,supply_to,低功耗AI芯片,AI眼镜计算芯片,细分零部件/软件供给AI眼镜产业链环节。
wireless_connectivity_chip_industry,ai_glasses_compute_chip_industry,supply_to,无线连接芯片,AI眼镜计算芯片,细分零部件/软件供给AI眼镜产业链环节。
ai_glasses_memory_industry,ai_glasses_compute_chip_industry,supply_to,AI眼镜存储器,AI眼镜计算芯片,细分零部件/软件供给AI眼镜产业链环节。
ai_glasses_camera_module_industry,ai_glasses_perception_industry,supply_to,AI眼镜摄像头模组,AI眼镜感知模组,细分零部件/软件供给AI眼镜产业链环节。
eye_tracking_module_industry,ai_glasses_perception_industry,supply_to,眼动追踪模组,AI眼镜感知模组,细分零部件/软件供给AI眼镜产业链环节。
slam_sensor_industry,ai_glasses_perception_industry,supply_to,SLAM传感器,AI眼镜感知模组,细分零部件/软件供给AI眼镜产业链环节。
depth_sensor_industry,ai_glasses_perception_industry,supply_to,深度传感器,AI眼镜感知模组,细分零部件/软件供给AI眼镜产业链环节。
imu_wearable_industry,ai_glasses_perception_industry,supply_to,可穿戴IMU,AI眼镜感知模组,细分零部件/软件供给AI眼镜产业链环节。
ai_glasses_microphone_industry,ai_glasses_interaction_industry,supply_to,AI眼镜麦克风,AI眼镜交互模组,细分零部件/软件供给AI眼镜产业链环节。
ai_glasses_speaker_industry,ai_glasses_interaction_industry,supply_to,AI眼镜扬声器,AI眼镜交互模组,细分零部件/软件供给AI眼镜产业链环节。
bone_conduction_acoustic_industry,ai_glasses_interaction_industry,supply_to,骨传导声学模组,AI眼镜交互模组,细分零部件/软件供给AI眼镜产业链环节。
gesture_interaction_module_industry,ai_glasses_interaction_industry,supply_to,手势交互模组,AI眼镜交互模组,细分零部件/软件供给AI眼镜产业链环节。
wearable_battery_industry,ai_glasses_power_structure_industry,supply_to,可穿戴电池,AI眼镜电池与结构件,细分零部件/软件供给AI眼镜产业链环节。
ai_glasses_heat_dissipation_industry,ai_glasses_power_structure_industry,supply_to,AI眼镜散热,AI眼镜电池与结构件,细分零部件/软件供给AI眼镜产业链环节。
lightweight_structural_parts_industry,ai_glasses_power_structure_industry,supply_to,轻量化结构件,AI眼镜电池与结构件,细分零部件/软件供给AI眼镜产业链环节。
ai_glasses_assembly_industry,ai_glasses_power_structure_industry,supply_to,AI眼镜整机组装,AI眼镜电池与结构件,细分零部件/软件供给AI眼镜产业链环节。
ai_glasses_os_industry,ai_glasses_software_industry,supply_to,AI眼镜操作系统软件,AI眼镜软件,细分零部件/软件供给AI眼镜产业链环节。
spatial_computing_software_industry,ai_glasses_software_industry,supply_to,空间计算软件,AI眼镜软件,细分零部件/软件供给AI眼镜产业链环节。
multimodal_interaction_software_industry,ai_glasses_software_industry,supply_to,多模态交互软件,AI眼镜软件,细分零部件/软件供给AI眼镜产业链环节。
ai_glasses_edge_model_industry,ai_glasses_software_industry,supply_to,AI眼镜端侧大模型,AI眼镜软件,细分零部件/软件供给AI眼镜产业链环节。
edge_large_model_industry,ai_glasses_industry,supply_to,端侧大模型,AI眼镜,端侧AI能力供给AI眼镜终端。
phone_large_model_industry,ai_glasses_industry,supply_to,手机大模型,AI眼镜,端侧AI能力供给AI眼镜终端。
edge_ai_chip_industry,ai_glasses_industry,supply_to,边缘AI芯片,AI眼镜,端侧AI能力供给AI眼镜终端。
npu_industry,ai_glasses_industry,supply_to,NPU,AI眼镜,端侧AI能力供给AI眼镜终端。
low_power_ai_chip_industry,ai_glasses_industry,supply_to,低功耗AI芯片,AI眼镜,端侧AI能力供给AI眼镜终端。
epoxy_molding_underfill_material_industry,packaging_material_industry,is_a,环氧塑封料/底填胶,封装材料,补充细分叶子节点，用于承载A股标的映射。
robot_leadscrew_actuator_industry,humanoid_robot_actuator_component_industry,is_a,机器人丝杠/执行器,人形机器人执行部件,补充细分叶子节点，用于承载A股标的映射。
dexterous_hand_industry,humanoid_robot_actuator_component_industry,is_a,灵巧手,人形机器人执行部件,补充细分叶子节点，用于承载A股标的映射。
humanoid_robot_body_integration_industry,humanoid_robot_industry,is_a,人形机器人本体/系统集成,人形机器人,补充细分叶子节点，用于承载A股标的映射。
